run_key,timestamp,source,puzzle_id,puzzle_file,title,model,experiment,thinking,include_narrative,include_sizes,image_source,renderer,error,skipped,parsed,parse_needed_repair,truncated,solved,cells,correct,cell_acc,shape_acc,color_acc,color_pairs,fg_recall,fg_truth,bg_fp,bg_fn,missing_cells,n_frames_expected,n_frames_returned,frames_exact,frames_with_correct_dims,positions_exact_match,order_preserved,missing_visible_frames,hallucinated_masked_frames,extra_frames,answered_all_masked,answered_extra_positions,latency_ms,content_chars,reasoning_chars
Ballerina 4|qwen/qwen3.6-35b|nothink|narr|sizes|blind_solve,2026-08-17T10:25:21.982994,python-sweep,Ballerina 4,narc_puzzle_Ballerina 4_2026-08-17.json,🧩Ballerina 4,qwen/qwen3.6-35b,blind_solve,False,True,True,folder,python-v1,,False,True,False,False,False,25,14,56.0,56.0,,0,0.0,6,5,6,0,1,1,0,1,,,,,,True,,429,81,0
Ballerina 4|qwen/qwen3.6-35b|nothink|narr|sizes|reconstruct,2026-08-17T10:25:25.422400,python-sweep,Ballerina 4,narc_puzzle_Ballerina 4_2026-08-17.json,🧩Ballerina 4,qwen/qwen3.6-35b,reconstruct,False,True,True,folder,python-v1,,False,True,False,False,,100,100,100.0,100.0,100.0,23,100.0,23,0,0,0,4,4,4,4,True,True,,,,,,1098,776,0
Ballerina 4|qwen/qwen3.6-35b|nothink|narr|sizes|recon_solve,2026-08-17T10:25:29.527168,python-sweep,Ballerina 4,narc_puzzle_Ballerina 4_2026-08-17.json,🧩Ballerina 4,qwen/qwen3.6-35b,recon_solve,False,True,True,folder,python-v1,,False,True,False,False,False,25,14,56.0,56.0,,0,0.0,6,5,6,0,1,1,0,1,,,,,,True,,427,105,0
CLCockatiels 3|qwen/qwen3.6-35b|nothink|narr|sizes|blind_solve,2026-08-17T10:26:51.414878,python-sweep,CLCockatiels 3,narc_puzzle_CLCockatiels 3_2026-08-17.json,🧩Cockatiels 3,qwen/qwen3.6-35b,blind_solve,False,True,True,folder,python-v1,,False,True,False,False,False,162,152,93.83,96.3,94.52,73,100.0,73,6,0,0,2,2,1,2,,,,,,True,,1357,685,0
CLCockatiels 3|qwen/qwen3.6-35b|nothink|narr|sizes|reconstruct,2026-08-17T10:26:55.777840,python-sweep,CLCockatiels 3,narc_puzzle_CLCockatiels 3_2026-08-17.json,🧩Cockatiels 3,qwen/qwen3.6-35b,reconstruct,False,True,True,folder,python-v1,,False,True,False,False,,162,160,98.77,98.77,100.0,76,98.7,77,1,1,0,2,2,1,2,True,True,,,,,,1420,829,0
CLCockatiels 3|qwen/qwen3.6-35b|nothink|narr|sizes|recon_solve,2026-08-17T10:27:00.204223,python-sweep,CLCockatiels 3,narc_puzzle_CLCockatiels 3_2026-08-17.json,🧩Cockatiels 3,qwen/qwen3.6-35b,recon_solve,False,True,True,folder,python-v1,,False,True,False,False,False,162,81,50.0,50.0,100.0,36,49.32,73,0,37,81,2,1,1,1,,,,,,False,,851,389,0
narc8|qwen/qwen3.6-35b|nothink|narr|sizes|blind_solve,2026-08-17T10:27:04.064792,python-sweep,narc8,narc_puzzle_narc8_2026-08-17.json,🧩Energy,qwen/qwen3.6-35b,blind_solve,False,True,True,folder,python-v1,,False,True,False,False,True,25,25,100.0,100.0,100.0,9,100.0,9,0,0,0,1,1,1,1,,,,,,True,,523,153,0
narc8|qwen/qwen3.6-35b|nothink|narr|sizes|reconstruct,2026-08-17T10:27:07.594517,python-sweep,narc8,narc_puzzle_narc8_2026-08-17.json,🧩Energy,qwen/qwen3.6-35b,reconstruct,False,True,True,folder,python-v1,,False,True,False,False,,75,59,78.67,78.67,100.0,27,77.14,35,8,8,0,3,3,1,1,True,True,,,,,,1012,639,0
narc8|qwen/qwen3.6-35b|nothink|narr|sizes|recon_solve,2026-08-17T10:27:11.611041,python-sweep,narc8,narc_puzzle_narc8_2026-08-17.json,🧩Energy,qwen/qwen3.6-35b,recon_solve,False,True,True,folder,python-v1,,False,True,False,False,False,25,17,68.0,68.0,100.0,5,55.56,9,4,4,0,1,1,0,1,,,,,,True,,450,105,0
sub_006|qwen/qwen3.6-35b|nothink|narr|sizes|blind_solve,2026-08-17T10:27:15.074982,python-sweep,sub_006,narc_puzzle_sub_006_2026-08-17.json,🧩Farm,qwen/qwen3.6-35b,blind_solve,False,True,True,folder,python-v1,,False,True,False,False,False,25,12,48.0,48.0,,0,0.0,13,0,13,0,1,1,0,1,,,,,,True,,539,81,0
sub_006|qwen/qwen3.6-35b|nothink|narr|sizes|reconstruct,2026-08-17T10:27:18.624491,python-sweep,sub_006,narc_puzzle_sub_006_2026-08-17.json,🧩Farm,qwen/qwen3.6-35b,reconstruct,False,True,True,folder,python-v1,,False,True,False,False,,75,75,100.0,100.0,100.0,39,100.0,39,0,0,0,3,3,3,3,True,True,,,,,,901,587,0
sub_006|qwen/qwen3.6-35b|nothink|narr|sizes|recon_solve,2026-08-17T10:27:22.532661,python-sweep,sub_006,narc_puzzle_sub_006_2026-08-17.json,🧩Farm,qwen/qwen3.6-35b,recon_solve,False,True,True,folder,python-v1,,False,True,False,False,False,25,18,72.0,100.0,46.15,13,100.0,13,0,0,0,1,1,0,1,,,,,,True,,383,81,0
sub_009|qwen/qwen3.6-35b|nothink|narr|sizes|blind_solve,2026-08-17T10:27:25.926127,python-sweep,sub_009,narc_puzzle_sub_009_2026-08-17.json,🧩Cloudy,qwen/qwen3.6-35b,blind_solve,False,True,True,folder,python-v1,,False,True,False,False,False,49,36,73.47,73.47,100.0,7,35.0,20,0,13,0,1,1,0,1,,,,,,True,,561,133,0
sub_009|qwen/qwen3.6-35b|nothink|narr|sizes|reconstruct,2026-08-17T10:27:29.495455,python-sweep,sub_009,narc_puzzle_sub_009_2026-08-17.json,🧩Cloudy,qwen/qwen3.6-35b,reconstruct,False,True,True,folder,python-v1,,False,True,False,False,,147,147,100.0,100.0,100.0,52,100.0,52,0,0,0,3,3,3,3,True,True,,,,,,1747,865,0
sub_009|qwen/qwen3.6-35b|nothink|narr|sizes|recon_solve,2026-08-17T10:27:34.253742,python-sweep,sub_009,narc_puzzle_sub_009_2026-08-17.json,🧩Cloudy,qwen/qwen3.6-35b,recon_solve,False,True,True,folder,python-v1,,False,True,False,False,False,49,35,71.43,73.47,87.5,8,40.0,20,1,12,0,1,1,0,1,,,,,,True,,591,241,0
sub_013|qwen/qwen3.6-35b|nothink|narr|sizes|blind_solve,2026-08-17T10:27:37.855422,python-sweep,sub_013,narc_puzzle_sub_013_2026-08-17.json,🧩Jumpy,qwen/qwen3.6-35b,blind_solve,False,True,True,folder,python-v1,,False,True,False,False,False,25,24,96.0,96.0,100.0,8,100.0,8,1,0,0,1,1,0,1,,,,,,True,,437,81,0
sub_013|qwen/qwen3.6-35b|nothink|narr|sizes|reconstruct,2026-08-17T10:27:41.302803,python-sweep,sub_013,narc_puzzle_sub_013_2026-08-17.json,🧩Jumpy,qwen/qwen3.6-35b,reconstruct,False,True,True,folder,python-v1,,False,True,False,False,,75,75,100.0,100.0,100.0,25,100.0,25,0,0,0,3,3,3,3,True,True,,,,,,914,588,0
sub_013|qwen/qwen3.6-35b|nothink|narr|sizes|recon_solve,2026-08-17T10:27:45.222637,python-sweep,sub_013,narc_puzzle_sub_013_2026-08-17.json,🧩Jumpy,qwen/qwen3.6-35b,recon_solve,False,True,True,folder,python-v1,,False,True,False,False,False,25,23,92.0,96.0,85.71,7,87.5,8,0,1,0,1,1,0,1,,,,,,True,,373,81,0
sub_022|qwen/qwen3.6-35b|nothink|narr|sizes|blind_solve,2026-08-17T10:27:48.602187,python-sweep,sub_022,narc_puzzle_sub_022_2026-08-17.json,🧩Hunt,qwen/qwen3.6-35b,blind_solve,False,True,True,folder,python-v1,,False,True,False,False,False,25,22,88.0,88.0,100.0,4,57.14,7,0,3,0,1,1,0,1,,,,,,True,,597,105,0
sub_022|qwen/qwen3.6-35b|nothink|narr|sizes|reconstruct,2026-08-17T10:27:52.206821,python-sweep,sub_022,narc_puzzle_sub_022_2026-08-17.json,🧩Hunt,qwen/qwen3.6-35b,reconstruct,False,True,True,folder,python-v1,,False,True,False,False,,75,75,100.0,100.0,100.0,17,100.0,17,0,0,0,3,3,3,3,True,True,,,,,,2938,587,0
sub_022|qwen/qwen3.6-35b|nothink|narr|sizes|recon_solve,2026-08-17T10:27:58.148158,python-sweep,sub_022,narc_puzzle_sub_022_2026-08-17.json,🧩Hunt,qwen/qwen3.6-35b,recon_solve,False,True,True,folder,python-v1,,False,True,False,False,False,25,21,84.0,84.0,100.0,3,42.86,7,0,4,0,1,1,0,1,,,,,,True,,590,81,0
sub_025_tre_rev|qwen/qwen3.6-35b|nothink|narr|sizes|blind_solve,2026-08-17T10:28:01.748272,python-sweep,sub_025_tre_rev,narc_puzzle_sub_025_tre_rev_2026-08-17.json,🧩Crop4,qwen/qwen3.6-35b,blind_solve,False,True,True,folder,python-v1,,False,True,False,False,False,9,8,88.89,100.0,88.89,9,100.0,9,0,0,0,1,1,0,1,,,,,,True,,402,53,0
sub_025_tre_rev|qwen/qwen3.6-35b|nothink|narr|sizes|reconstruct,2026-08-17T10:28:05.159337,python-sweep,sub_025_tre_rev,narc_puzzle_sub_025_tre_rev_2026-08-17.json,🧩Crop4,qwen/qwen3.6-35b,reconstruct,False,True,True,folder,python-v1,,False,True,False,False,,27,27,100.0,100.0,100.0,24,100.0,24,0,0,0,3,3,3,3,True,True,,,,,,9264,384,0
sub_025_tre_rev|qwen/qwen3.6-35b|nothink|narr|sizes|recon_solve,2026-08-17T10:28:17.434224,python-sweep,sub_025_tre_rev,narc_puzzle_sub_025_tre_rev_2026-08-17.json,🧩Crop4,qwen/qwen3.6-35b,recon_solve,False,True,True,folder,python-v1,,False,True,False,False,False,9,8,88.89,100.0,88.89,9,100.0,9,0,0,0,1,1,0,1,,,,,,True,,413,53,0
sub_026|qwen/qwen3.6-35b|nothink|narr|sizes|blind_solve,2026-08-17T10:28:20.861181,python-sweep,sub_026,narc_puzzle_sub_026_2026-08-17.json,🧩Pinky,qwen/qwen3.6-35b,blind_solve,False,True,True,folder,python-v1,,False,True,False,False,False,25,11,44.0,100.0,44.0,25,100.0,25,0,0,0,1,1,0,1,,,,,,True,,519,153,0
sub_026|qwen/qwen3.6-35b|nothink|narr|sizes|reconstruct,2026-08-17T10:28:24.388192,python-sweep,sub_026,narc_puzzle_sub_026_2026-08-17.json,🧩Pinky,qwen/qwen3.6-35b,reconstruct,False,True,True,folder,python-v1,,False,True,False,False,,75,75,100.0,100.0,100.0,55,100.0,55,0,0,0,3,3,3,3,True,True,,,,,,933,588,0
sub_026|qwen/qwen3.6-35b|nothink|narr|sizes|recon_solve,2026-08-17T10:28:28.330992,python-sweep,sub_026,narc_puzzle_sub_026_2026-08-17.json,🧩Pinky,qwen/qwen3.6-35b,recon_solve,False,True,True,folder,python-v1,,False,True,False,False,False,25,20,80.0,80.0,100.0,20,80.0,25,0,5,0,1,1,0,1,,,,,,True,,432,105,0
sub_032|qwen/qwen3.6-35b|nothink|narr|sizes|blind_solve,2026-08-17T10:28:31.773872,python-sweep,sub_032,narc_puzzle_sub_032_2026-08-17.json,🧩Play,qwen/qwen3.6-35b,blind_solve,False,True,True,folder,python-v1,,False,True,False,False,False,25,15,60.0,60.0,100.0,5,33.33,15,0,10,0,1,1,0,1,,,,,,True,,455,81,0
sub_032|qwen/qwen3.6-35b|nothink|narr|sizes|reconstruct,2026-08-17T10:28:35.235948,python-sweep,sub_032,narc_puzzle_sub_032_2026-08-17.json,🧩Play,qwen/qwen3.6-35b,reconstruct,False,True,True,folder,python-v1,,False,True,False,False,,75,75,100.0,100.0,100.0,43,100.0,43,0,0,0,3,3,3,3,True,True,,,,,,935,587,0
sub_032|qwen/qwen3.6-35b|nothink|narr|sizes|recon_solve,2026-08-17T10:28:39.179724,python-sweep,sub_032,narc_puzzle_sub_032_2026-08-17.json,🧩Play,qwen/qwen3.6-35b,recon_solve,False,True,True,folder,python-v1,,False,True,False,False,False,25,20,80.0,80.0,100.0,10,66.67,15,0,5,0,1,1,0,1,,,,,,True,,450,153,0
sub_034_rev_rev|qwen/qwen3.6-35b|nothink|narr|sizes|blind_solve,2026-08-17T10:28:42.642727,python-sweep,sub_034_rev_rev,narc_puzzle_sub_034_rev_rev_2026-08-17.json,🧩Pinky6,qwen/qwen3.6-35b,blind_solve,False,True,True,folder,python-v1,,False,True,False,False,False,9,7,77.78,77.78,100.0,4,100.0,4,2,0,0,1,1,0,1,,,,,,True,,434,53,0
sub_034_rev_rev|qwen/qwen3.6-35b|nothink|narr|sizes|reconstruct,2026-08-17T10:28:46.086962,python-sweep,sub_034_rev_rev,narc_puzzle_sub_034_rev_rev_2026-08-17.json,🧩Pinky6,qwen/qwen3.6-35b,reconstruct,False,True,True,folder,python-v1,,False,True,False,False,,27,27,100.0,100.0,100.0,24,100.0,24,0,0,0,3,3,3,3,True,True,,,,,,646,385,0
sub_034_rev_rev|qwen/qwen3.6-35b|nothink|narr|sizes|recon_solve,2026-08-17T10:28:49.742834,python-sweep,sub_034_rev_rev,narc_puzzle_sub_034_rev_rev_2026-08-17.json,🧩Pinky6,qwen/qwen3.6-35b,recon_solve,False,True,True,folder,python-v1,,False,True,False,False,False,9,5,55.56,55.56,,0,0.0,4,0,4,0,1,1,0,1,,,,,,True,,321,45,0
sub_035|qwen/qwen3.6-35b|nothink|narr|sizes|blind_solve,2026-08-17T10:28:53.074050,python-sweep,sub_035,narc_puzzle_sub_035_2026-08-17.json,🧩Foreign Exchange Model,qwen/qwen3.6-35b,blind_solve,False,True,True,folder,python-v1,,False,True,False,False,False,289,235,81.31,81.66,97.06,34,59.65,57,30,23,0,1,1,0,1,,,,,,True,,1509,633,0
sub_035|qwen/qwen3.6-35b|nothink|narr|sizes|reconstruct,2026-08-17T10:28:57.593560,python-sweep,sub_035,narc_puzzle_sub_035_2026-08-17.json,🧩Foreign Exchange Model,qwen/qwen3.6-35b,reconstruct,False,True,True,folder,python-v1,,False,True,False,False,,578,370,64.01,70.07,92.31,39,34.21,114,98,75,66,2,2,0,0,True,True,,,,,,3195,2029,0
sub_035|qwen/qwen3.6-35b|nothink|narr|sizes|recon_solve,2026-08-17T10:29:03.799094,python-sweep,sub_035,narc_puzzle_sub_035_2026-08-17.json,🧩Foreign Exchange Model,qwen/qwen3.6-35b,recon_solve,False,True,True,folder,python-v1,,False,True,False,False,False,289,229,79.24,79.24,100.0,35,61.4,57,38,22,0,1,1,0,1,,,,,,True,,1272,633,0
sub_041|qwen/qwen3.6-35b|nothink|narr|sizes|blind_solve,2026-08-17T10:29:08.081143,python-sweep,sub_041,narc_puzzle_sub_041_2026-08-17.json,🧩Flame,qwen/qwen3.6-35b,blind_solve,False,True,True,folder,python-v1,,False,True,False,False,False,25,19,76.0,76.0,,0,0.0,6,0,6,0,1,1,0,1,,,,,,True,,457,81,0
sub_041|qwen/qwen3.6-35b|nothink|narr|sizes|reconstruct,2026-08-17T10:29:11.546976,python-sweep,sub_041,narc_puzzle_sub_041_2026-08-17.json,🧩Flame,qwen/qwen3.6-35b,reconstruct,False,True,True,folder,python-v1,,False,True,False,False,,100,100,100.0,100.0,100.0,39,100.0,39,0,0,0,4,4,4,4,True,True,,,,,,1113,770,0
sub_041|qwen/qwen3.6-35b|nothink|narr|sizes|recon_solve,2026-08-17T10:29:15.666398,python-sweep,sub_041,narc_puzzle_sub_041_2026-08-17.json,🧩Flame,qwen/qwen3.6-35b,recon_solve,False,True,True,folder,python-v1,,False,True,False,False,False,25,19,76.0,76.0,,0,0.0,6,0,6,0,1,1,0,1,,,,,,True,,466,153,0
sub_044|qwen/qwen3.6-35b|nothink|narr|sizes|blind_solve,2026-08-17T10:29:19.140623,python-sweep,sub_044,narc_puzzle_sub_044_2026-08-17.json,🧩Apple,qwen/qwen3.6-35b,blind_solve,False,True,True,folder,python-v1,,False,True,False,False,False,25,23,92.0,92.0,100.0,8,88.89,9,1,1,0,1,1,0,1,,,,,,True,,455,81,0
sub_044|qwen/qwen3.6-35b|nothink|narr|sizes|reconstruct,2026-08-17T10:29:22.601674,python-sweep,sub_044,narc_puzzle_sub_044_2026-08-17.json,🧩Apple,qwen/qwen3.6-35b,reconstruct,False,True,True,folder,python-v1,,False,True,False,False,,75,75,100.0,100.0,100.0,24,100.0,24,0,0,0,3,3,3,3,True,True,,,,,,914,588,0
sub_044|qwen/qwen3.6-35b|nothink|narr|sizes|recon_solve,2026-08-17T10:29:26.522850,python-sweep,sub_044,narc_puzzle_sub_044_2026-08-17.json,🧩Apple,qwen/qwen3.6-35b,recon_solve,False,True,True,folder,python-v1,,False,True,False,False,False,25,23,92.0,92.0,100.0,8,88.89,9,1,1,0,1,1,0,1,,,,,,True,,371,81,0
sub_058|qwen/qwen3.6-35b|nothink|narr|sizes|blind_solve,2026-08-17T10:29:29.904885,python-sweep,sub_058,narc_puzzle_sub_058_2026-08-17.json,🧩Pruning 04（4x4）04masked,qwen/qwen3.6-35b,blind_solve,False,True,True,folder,python-v1,,False,True,False,False,False,16,15,93.75,93.75,100.0,6,100.0,6,1,0,0,1,1,0,1,,,,,,True,,507,76,0
sub_058|qwen/qwen3.6-35b|nothink|narr|sizes|reconstruct,2026-08-17T10:29:33.419688,python-sweep,sub_058,narc_puzzle_sub_058_2026-08-17.json,🧩Pruning 04（4x4）04masked,qwen/qwen3.6-35b,reconstruct,False,True,True,folder,python-v1,,False,True,False,False,,48,48,100.0,100.0,100.0,25,100.0,25,0,0,0,3,3,3,3,True,True,,,,,,801,495,0
sub_058|qwen/qwen3.6-35b|nothink|narr|sizes|recon_solve,2026-08-17T10:29:37.231577,python-sweep,sub_058,narc_puzzle_sub_058_2026-08-17.json,🧩Pruning 04（4x4）04masked,qwen/qwen3.6-35b,recon_solve,False,True,True,folder,python-v1,,False,True,False,False,False,16,14,87.5,93.75,83.33,6,100.0,6,1,0,0,1,1,0,1,,,,,,True,,352,76,0
sub_065|qwen/qwen3.6-35b|nothink|narr|sizes|blind_solve,2026-08-17T10:29:40.593780,python-sweep,sub_065,narc_puzzle_sub_065_2026-08-17.json,🧩The Fountain Show 05 （3x4）01 masked,qwen/qwen3.6-35b,blind_solve,False,True,True,folder,python-v1,,False,True,False,False,False,12,8,66.67,83.33,75.0,8,88.89,9,1,1,0,1,1,0,1,,,,,,True,,393,64,0
sub_065|qwen/qwen3.6-35b|nothink|narr|sizes|reconstruct,2026-08-17T10:29:43.995518,python-sweep,sub_065,narc_puzzle_sub_065_2026-08-17.json,🧩The Fountain Show 05 （3x4）01 masked,qwen/qwen3.6-35b,reconstruct,False,True,True,folder,python-v1,,False,True,False,False,,24,24,100.0,100.0,100.0,18,100.0,18,0,0,0,2,2,2,2,True,True,,,,,,609,335,0
sub_065|qwen/qwen3.6-35b|nothink|narr|sizes|recon_solve,2026-08-17T10:29:47.612455,python-sweep,sub_065,narc_puzzle_sub_065_2026-08-17.json,🧩The Fountain Show 05 （3x4）01 masked,qwen/qwen3.6-35b,recon_solve,False,True,True,folder,python-v1,,False,True,False,False,False,12,6,50.0,50.0,100.0,3,33.33,9,0,6,0,1,1,0,1,,,,,,True,,347,53,0
sub_086|qwen/qwen3.6-35b|nothink|narr|sizes|blind_solve,2026-08-17T10:29:50.968221,python-sweep,sub_086,narc_puzzle_sub_086_2026-08-17.json,🧩Penny's car 01 small ver.,qwen/qwen3.6-35b,blind_solve,False,True,True,folder,python-v1,,False,True,False,False,False,10,0,0.0,100.0,0.0,10,100.0,10,0,0,0,1,1,0,1,,,,,,True,,492,70,0
sub_086|qwen/qwen3.6-35b|nothink|narr|sizes|reconstruct,2026-08-17T10:29:54.470473,python-sweep,sub_086,narc_puzzle_sub_086_2026-08-17.json,🧩Penny's car 01 small ver.,qwen/qwen3.6-35b,reconstruct,False,True,True,folder,python-v1,,False,True,False,False,,20,19,95.0,100.0,95.0,20,100.0,20,0,0,0,2,2,0,0,True,True,,,,,,696,488,0
sub_086|qwen/qwen3.6-35b|nothink|narr|sizes|recon_solve,2026-08-17T10:29:58.173643,python-sweep,sub_086,narc_puzzle_sub_086_2026-08-17.json,🧩Penny's car 01 small ver.,qwen/qwen3.6-35b,recon_solve,False,True,True,folder,python-v1,,False,True,False,False,False,10,7,70.0,100.0,70.0,10,100.0,10,0,0,0,1,1,0,1,,,,,,True,,507,148,0
sub_088|qwen/qwen3.6-35b|nothink|narr|sizes|blind_solve,2026-08-17T10:30:01.689513,python-sweep,sub_088,narc_puzzle_sub_088_2026-08-17.json,🧩Moka pot 01 small ver.,qwen/qwen3.6-35b,blind_solve,False,True,True,folder,python-v1,,False,True,False,False,False,9,0,0.0,33.33,0.0,3,100.0,3,6,0,0,1,1,0,1,,,,,,True,,379,65,0
sub_088|qwen/qwen3.6-35b|nothink|narr|sizes|reconstruct,2026-08-17T10:30:05.078072,python-sweep,sub_088,narc_puzzle_sub_088_2026-08-17.json,🧩Moka pot 01 small ver.,qwen/qwen3.6-35b,reconstruct,False,True,True,folder,python-v1,,False,True,False,False,,18,18,100.0,100.0,100.0,12,100.0,12,0,0,0,2,2,2,2,True,True,,,,,,604,407,0
sub_088|qwen/qwen3.6-35b|nothink|narr|sizes|recon_solve,2026-08-17T10:30:08.688823,python-sweep,sub_088,narc_puzzle_sub_088_2026-08-17.json,🧩Moka pot 01 small ver.,qwen/qwen3.6-35b,recon_solve,False,True,True,folder,python-v1,,False,True,False,False,False,9,6,66.67,66.67,100.0,3,100.0,3,3,0,0,1,1,0,1,,,,,,True,,326,137,0
sub_090|qwen/qwen3.6-35b|nothink|narr|sizes|blind_solve,2026-08-17T10:30:12.028660,python-sweep,sub_090,narc_puzzle_sub_090_2026-08-17.json,🧩Carrot Patch 02 small ver.,qwen/qwen3.6-35b,blind_solve,False,True,True,folder,python-v1,,False,True,False,False,False,12,8,66.67,66.67,100.0,6,85.71,7,3,1,0,1,1,0,1,,,,,,True,,418,60,0
sub_090|qwen/qwen3.6-35b|nothink|narr|sizes|reconstruct,2026-08-17T10:30:15.456273,python-sweep,sub_090,narc_puzzle_sub_090_2026-08-17.json,🧩Carrot Patch 02 small ver.,qwen/qwen3.6-35b,reconstruct,False,True,True,folder,python-v1,,False,True,False,False,,36,36,100.0,100.0,100.0,30,100.0,30,0,0,0,3,3,3,3,True,True,,,,,,715,402,0
sub_090|qwen/qwen3.6-35b|nothink|narr|sizes|recon_solve,2026-08-17T10:30:19.178068,python-sweep,sub_090,narc_puzzle_sub_090_2026-08-17.json,🧩Carrot Patch 02 small ver.,qwen/qwen3.6-35b,recon_solve,False,True,True,folder,python-v1,,False,True,False,False,False,12,11,91.67,91.67,100.0,6,85.71,7,0,1,0,1,1,0,1,,,,,,True,,314,90,0
sub_095|qwen/qwen3.6-35b|nothink|narr|sizes|blind_solve,2026-08-17T10:30:22.504284,python-sweep,sub_095,narc_puzzle_sub_095_2026-08-17.json,🧩Bubble Level 04（9x1）,qwen/qwen3.6-35b,blind_solve,False,True,True,folder,python-v1,,False,True,False,False,False,9,0,0.0,11.11,0.0,1,100.0,1,8,0,0,1,1,0,1,,,,,,True,,420,73,0
sub_095|qwen/qwen3.6-35b|nothink|narr|sizes|reconstruct,2026-08-17T10:30:25.934219,python-sweep,sub_095,narc_puzzle_sub_095_2026-08-17.json,🧩Bubble Level 04（9x1）,qwen/qwen3.6-35b,reconstruct,False,True,True,folder,python-v1,,False,True,False,False,,27,27,100.0,100.0,100.0,3,100.0,3,0,0,0,3,3,3,3,True,True,,,,,,767,338,0
sub_095|qwen/qwen3.6-35b|nothink|narr|sizes|recon_solve,2026-08-17T10:30:29.709199,python-sweep,sub_095,narc_puzzle_sub_095_2026-08-17.json,🧩Bubble Level 04（9x1）,qwen/qwen3.6-35b,recon_solve,False,True,True,folder,python-v1,,False,True,False,False,False,9,8,88.89,88.89,,0,0.0,1,0,1,0,1,1,0,1,,,,,,True,,292,41,0
sub_096|qwen/qwen3.6-35b|nothink|narr|sizes|blind_solve,2026-08-17T10:30:33.013845,python-sweep,sub_096,narc_puzzle_sub_096_2026-08-17.json,🧩Elevator 01,qwen/qwen3.6-35b,blind_solve,False,True,True,folder,python-v1,,False,True,False,False,False,25,21,84.0,84.0,,0,0.0,3,1,3,0,1,1,0,1,,,,,,True,,561,153,0
sub_096|qwen/qwen3.6-35b|nothink|narr|sizes|reconstruct,2026-08-17T10:30:36.581026,python-sweep,sub_096,narc_puzzle_sub_096_2026-08-17.json,🧩Elevator 01,qwen/qwen3.6-35b,reconstruct,False,True,True,folder,python-v1,,False,True,False,False,,100,93,93.0,95.0,80.0,10,90.91,11,4,1,0,4,4,2,4,True,True,,,,,,1096,776,0
sub_096|qwen/qwen3.6-35b|nothink|narr|sizes|recon_solve,2026-08-17T10:30:40.682691,python-sweep,sub_096,narc_puzzle_sub_096_2026-08-17.json,🧩Elevator 01,qwen/qwen3.6-35b,recon_solve,False,True,True,folder,python-v1,,False,True,False,False,False,25,21,84.0,84.0,,0,0.0,3,1,3,0,1,1,0,1,,,,,,True,,418,105,0
sub_101|qwen/qwen3.6-35b|nothink|narr|sizes|blind_solve,2026-08-17T10:30:44.113177,python-sweep,sub_101,narc_puzzle_sub_101_2026-08-17.json,"🧩Push-up 01 03,04masked",qwen/qwen3.6-35b,blind_solve,False,True,True,folder,python-v1,,False,True,False,False,False,16,14,87.5,87.5,100.0,8,80.0,10,0,2,0,2,2,1,2,,,,,,True,,424,69,0
sub_101|qwen/qwen3.6-35b|nothink|narr|sizes|reconstruct,2026-08-17T10:30:47.545261,python-sweep,sub_101,narc_puzzle_sub_101_2026-08-17.json,"🧩Push-up 01 03,04masked",qwen/qwen3.6-35b,reconstruct,False,True,True,folder,python-v1,,False,True,False,False,,16,16,100.0,100.0,100.0,10,100.0,10,0,0,0,2,2,2,2,True,True,,,,,,555,261,0
sub_101|qwen/qwen3.6-35b|nothink|narr|sizes|recon_solve,2026-08-17T10:30:51.110294,python-sweep,sub_101,narc_puzzle_sub_101_2026-08-17.json,"🧩Push-up 01 03,04masked",qwen/qwen3.6-35b,recon_solve,False,True,True,folder,python-v1,,False,True,False,False,False,16,12,75.0,75.0,100.0,8,80.0,10,2,2,0,2,2,0,2,,,,,,True,,486,135,0
sub_103|qwen/qwen3.6-35b|nothink|narr|sizes|blind_solve,2026-08-17T10:30:54.609998,python-sweep,sub_103,narc_puzzle_sub_103_2026-08-17.json,🧩Six cakes01  03 masked,qwen/qwen3.6-35b,blind_solve,False,True,True,folder,python-v1,,False,True,False,False,False,6,2,33.33,33.33,100.0,2,100.0,2,4,0,0,1,1,0,1,,,,,,True,,391,42,0
sub_103|qwen/qwen3.6-35b|nothink|narr|sizes|reconstruct,2026-08-17T10:30:58.010154,python-sweep,sub_103,narc_puzzle_sub_103_2026-08-17.json,🧩Six cakes01  03 masked,qwen/qwen3.6-35b,reconstruct,False,True,True,folder,python-v1,,False,True,False,False,,12,12,100.0,100.0,100.0,8,100.0,8,0,0,0,2,2,2,2,True,True,,,,,,529,248,0
sub_103|qwen/qwen3.6-35b|nothink|narr|sizes|recon_solve,2026-08-17T10:31:01.545538,python-sweep,sub_103,narc_puzzle_sub_103_2026-08-17.json,🧩Six cakes01  03 masked,qwen/qwen3.6-35b,recon_solve,False,True,True,folder,python-v1,,False,True,False,False,False,6,3,50.0,50.0,100.0,2,100.0,2,3,0,0,1,1,0,1,,,,,,True,,281,37,0
sub_113|qwen/qwen3.6-35b|nothink|narr|sizes|blind_solve,2026-08-17T10:31:04.837839,python-sweep,sub_113,narc_puzzle_sub_113_2026-08-17.json,🧩Oil,qwen/qwen3.6-35b,blind_solve,False,True,True,folder,python-v1,,False,True,False,False,False,25,20,80.0,100.0,75.0,20,100.0,20,0,0,0,1,1,0,1,,,,,,True,,490,105,0
sub_113|qwen/qwen3.6-35b|nothink|narr|sizes|reconstruct,2026-08-17T10:31:08.334248,python-sweep,sub_113,narc_puzzle_sub_113_2026-08-17.json,🧩Oil,qwen/qwen3.6-35b,reconstruct,False,True,True,folder,python-v1,,False,True,False,False,,75,75,100.0,100.0,100.0,65,100.0,65,0,0,0,3,3,3,3,True,True,,,,,,942,586,0
sub_113|qwen/qwen3.6-35b|nothink|narr|sizes|recon_solve,2026-08-17T10:31:12.287955,python-sweep,sub_113,narc_puzzle_sub_113_2026-08-17.json,🧩Oil,qwen/qwen3.6-35b,recon_solve,False,True,True,folder,python-v1,,False,True,False,False,False,25,20,80.0,100.0,75.0,20,100.0,20,0,0,0,1,1,0,1,,,,,,True,,476,81,0
Ballerina 4|google/gemma-4-31b|nothink|narr|sizes|blind_solve,2026-08-17T10:31:13.479373,python-sweep,Ballerina 4,narc_puzzle_Ballerina 4_2026-08-17.json,🧩Ballerina 4,google/gemma-4-31b,blind_solve,False,True,True,folder,python-v1,,False,True,False,False,False,25,23,92.0,92.0,100.0,4,66.67,6,0,2,0,1,1,0,1,,,,,,True,,620,105,0
Ballerina 4|google/gemma-4-31b|nothink|narr|sizes|reconstruct,2026-08-17T10:31:17.109672,python-sweep,Ballerina 4,narc_puzzle_Ballerina 4_2026-08-17.json,🧩Ballerina 4,google/gemma-4-31b,reconstruct,False,True,True,folder,python-v1,,False,True,False,False,,100,94,94.0,94.0,100.0,18,78.26,23,1,5,0,4,4,1,4,True,True,,,,,,1818,776,0
Ballerina 4|google/gemma-4-31b|nothink|narr|sizes|recon_solve,2026-08-17T10:31:21.934082,python-sweep,Ballerina 4,narc_puzzle_Ballerina 4_2026-08-17.json,🧩Ballerina 4,google/gemma-4-31b,recon_solve,False,True,True,folder,python-v1,,False,True,False,False,False,25,22,88.0,88.0,100.0,3,50.0,6,0,3,0,1,1,0,1,,,,,,True,,478,81,0
CLCockatiels 3|google/gemma-4-31b|nothink|narr|sizes|blind_solve,2026-08-17T10:31:25.423938,python-sweep,CLCockatiels 3,narc_puzzle_CLCockatiels 3_2026-08-17.json,🧩Cockatiels 3,google/gemma-4-31b,blind_solve,False,True,True,folder,python-v1,,False,True,False,False,False,162,154,95.06,97.53,94.44,72,98.63,73,3,1,0,2,2,1,2,,,,,,True,,2225,549,0
CLCockatiels 3|google/gemma-4-31b|nothink|narr|sizes|reconstruct,2026-08-17T10:31:30.658498,python-sweep,CLCockatiels 3,narc_puzzle_CLCockatiels 3_2026-08-17.json,🧩Cockatiels 3,google/gemma-4-31b,reconstruct,False,True,True,folder,python-v1,,False,True,False,False,,162,128,79.01,82.72,90.0,60,77.92,77,11,17,0,2,2,0,2,True,True,,,,,,2347,829,0
CLCockatiels 3|google/gemma-4-31b|nothink|narr|sizes|recon_solve,2026-08-17T10:31:36.013647,python-sweep,CLCockatiels 3,narc_puzzle_CLCockatiels 3_2026-08-17.json,🧩Cockatiels 3,google/gemma-4-31b,recon_solve,False,True,True,folder,python-v1,,False,True,False,False,False,162,132,81.48,87.04,85.0,60,82.19,73,8,13,0,2,2,0,2,,,,,,True,,1845,389,0
narc8|google/gemma-4-31b|nothink|narr|sizes|blind_solve,2026-08-17T10:31:40.869237,python-sweep,narc8,narc_puzzle_narc8_2026-08-17.json,🧩Energy,google/gemma-4-31b,blind_solve,False,True,True,folder,python-v1,,False,True,False,False,True,25,25,100.0,100.0,100.0,9,100.0,9,0,0,0,1,1,1,1,,,,,,True,,652,105,0
narc8|google/gemma-4-31b|nothink|narr|sizes|reconstruct,2026-08-17T10:31:44.531541,python-sweep,narc8,narc_puzzle_narc8_2026-08-17.json,🧩Energy,google/gemma-4-31b,reconstruct,False,True,True,folder,python-v1,,False,True,False,False,,75,68,90.67,90.67,100.0,30,85.71,35,2,5,0,3,3,1,3,True,True,,,,,,1432,589,0
narc8|google/gemma-4-31b|nothink|narr|sizes|recon_solve,2026-08-17T10:31:48.977135,python-sweep,narc8,narc_puzzle_narc8_2026-08-17.json,🧩Energy,google/gemma-4-31b,recon_solve,False,True,True,folder,python-v1,,False,True,False,False,False,25,23,92.0,92.0,100.0,7,77.78,9,0,2,0,1,1,0,1,,,,,,True,,497,81,0
sub_006|google/gemma-4-31b|nothink|narr|sizes|blind_solve,2026-08-17T10:31:52.484332,python-sweep,sub_006,narc_puzzle_sub_006_2026-08-17.json,🧩Farm,google/gemma-4-31b,blind_solve,False,True,True,folder,python-v1,,False,True,False,False,False,25,17,68.0,100.0,38.46,13,100.0,13,0,0,0,1,1,0,1,,,,,,True,,695,105,0
sub_006|google/gemma-4-31b|nothink|narr|sizes|reconstruct,2026-08-17T10:31:56.189329,python-sweep,sub_006,narc_puzzle_sub_006_2026-08-17.json,🧩Farm,google/gemma-4-31b,reconstruct,False,True,True,folder,python-v1,,False,True,False,False,,75,74,98.67,100.0,97.44,39,100.0,39,0,0,0,3,3,2,3,True,True,,,,,,1396,587,0
sub_006|google/gemma-4-31b|nothink|narr|sizes|recon_solve,2026-08-17T10:32:00.590733,python-sweep,sub_006,narc_puzzle_sub_006_2026-08-17.json,🧩Farm,google/gemma-4-31b,recon_solve,False,True,True,folder,python-v1,,False,True,False,False,False,25,17,68.0,100.0,38.46,13,100.0,13,0,0,0,1,1,0,1,,,,,,True,,834,81,0
sub_009|google/gemma-4-31b|nothink|narr|sizes|blind_solve,2026-08-17T10:32:04.433261,python-sweep,sub_009,narc_puzzle_sub_009_2026-08-17.json,🧩Cloudy,google/gemma-4-31b,blind_solve,False,True,True,folder,python-v1,,False,True,False,False,False,49,38,77.55,77.55,100.0,9,45.0,20,0,11,0,1,1,0,1,,,,,,True,,926,181,0
sub_009|google/gemma-4-31b|nothink|narr|sizes|reconstruct,2026-08-17T10:32:08.365707,python-sweep,sub_009,narc_puzzle_sub_009_2026-08-17.json,🧩Cloudy,google/gemma-4-31b,reconstruct,False,True,True,folder,python-v1,,False,True,False,False,,147,103,70.07,70.75,95.0,20,38.46,52,11,32,0,3,3,0,0,True,True,,,,,,3283,1213,0
sub_009|google/gemma-4-31b|nothink|narr|sizes|recon_solve,2026-08-17T10:32:14.655903,python-sweep,sub_009,narc_puzzle_sub_009_2026-08-17.json,🧩Cloudy,google/gemma-4-31b,recon_solve,False,True,True,folder,python-v1,,False,True,False,False,False,49,37,75.51,75.51,100.0,9,45.0,20,1,11,0,1,1,0,1,,,,,,True,,683,133,0
sub_013|google/gemma-4-31b|nothink|narr|sizes|blind_solve,2026-08-17T10:32:18.350221,python-sweep,sub_013,narc_puzzle_sub_013_2026-08-17.json,🧩Jumpy,google/gemma-4-31b,blind_solve,False,True,True,folder,python-v1,,False,True,False,False,False,25,19,76.0,80.0,80.0,5,62.5,8,2,3,0,1,1,0,1,,,,,,True,,680,105,0
sub_013|google/gemma-4-31b|nothink|narr|sizes|reconstruct,2026-08-17T10:32:22.039059,python-sweep,sub_013,narc_puzzle_sub_013_2026-08-17.json,🧩Jumpy,google/gemma-4-31b,reconstruct,False,True,True,folder,python-v1,,False,True,False,False,,75,63,84.0,86.67,88.89,18,72.0,25,3,7,0,3,3,0,0,True,True,,,,,,1593,663,0
sub_013|google/gemma-4-31b|nothink|narr|sizes|recon_solve,2026-08-17T10:32:26.643500,python-sweep,sub_013,narc_puzzle_sub_013_2026-08-17.json,🧩Jumpy,google/gemma-4-31b,recon_solve,False,True,True,folder,python-v1,,False,True,False,False,False,25,21,84.0,84.0,100.0,5,62.5,8,1,3,0,1,1,0,0,,,,,,True,,536,93,0
sub_022|google/gemma-4-31b|nothink|narr|sizes|blind_solve,2026-08-17T10:32:30.190903,python-sweep,sub_022,narc_puzzle_sub_022_2026-08-17.json,🧩Hunt,google/gemma-4-31b,blind_solve,False,True,True,folder,python-v1,,False,True,False,False,False,25,22,88.0,88.0,100.0,4,57.14,7,0,3,0,1,1,0,1,,,,,,True,,727,105,0
sub_022|google/gemma-4-31b|nothink|narr|sizes|reconstruct,2026-08-17T10:32:33.927913,python-sweep,sub_022,narc_puzzle_sub_022_2026-08-17.json,🧩Hunt,google/gemma-4-31b,reconstruct,False,True,True,folder,python-v1,,False,True,False,False,,75,75,100.0,100.0,100.0,17,100.0,17,0,0,0,3,3,3,3,True,True,,,,,,1429,587,0
sub_022|google/gemma-4-31b|nothink|narr|sizes|recon_solve,2026-08-17T10:32:38.367151,python-sweep,sub_022,narc_puzzle_sub_022_2026-08-17.json,🧩Hunt,google/gemma-4-31b,recon_solve,False,True,True,folder,python-v1,,False,True,False,False,False,25,22,88.0,88.0,100.0,4,57.14,7,0,3,0,1,1,0,1,,,,,,True,,479,81,0
sub_025_tre_rev|google/gemma-4-31b|nothink|narr|sizes|blind_solve,2026-08-17T10:32:41.854903,python-sweep,sub_025_tre_rev,narc_puzzle_sub_025_tre_rev_2026-08-17.json,🧩Crop4,google/gemma-4-31b,blind_solve,False,True,True,folder,python-v1,,False,True,False,False,False,9,8,88.89,88.89,100.0,8,88.89,9,0,1,0,1,1,0,1,,,,,,True,,547,53,0
sub_025_tre_rev|google/gemma-4-31b|nothink|narr|sizes|reconstruct,2026-08-17T10:32:45.410029,python-sweep,sub_025_tre_rev,narc_puzzle_sub_025_tre_rev_2026-08-17.json,🧩Crop4,google/gemma-4-31b,reconstruct,False,True,True,folder,python-v1,,False,True,False,False,,27,27,100.0,100.0,100.0,24,100.0,24,0,0,0,3,3,3,3,True,True,,,,,,913,384,0
sub_025_tre_rev|google/gemma-4-31b|nothink|narr|sizes|recon_solve,2026-08-17T10:32:49.330257,python-sweep,sub_025_tre_rev,narc_puzzle_sub_025_tre_rev_2026-08-17.json,🧩Crop4,google/gemma-4-31b,recon_solve,False,True,True,folder,python-v1,,False,True,False,False,False,9,7,77.78,77.78,100.0,7,77.78,9,0,2,0,1,1,0,1,,,,,,True,,339,45,0
sub_026|google/gemma-4-31b|nothink|narr|sizes|blind_solve,2026-08-17T10:32:52.679776,python-sweep,sub_026,narc_puzzle_sub_026_2026-08-17.json,🧩Pinky,google/gemma-4-31b,blind_solve,False,True,True,folder,python-v1,,False,True,False,False,False,25,20,80.0,100.0,80.0,25,100.0,25,0,0,0,1,1,0,1,,,,,,True,,705,105,0
sub_026|google/gemma-4-31b|nothink|narr|sizes|reconstruct,2026-08-17T10:32:56.391027,python-sweep,sub_026,narc_puzzle_sub_026_2026-08-17.json,🧩Pinky,google/gemma-4-31b,reconstruct,False,True,True,folder,python-v1,,False,True,False,False,,75,67,89.33,92.0,96.23,53,96.36,55,4,2,0,3,3,0,0,True,True,,,,,,1637,633,0
sub_026|google/gemma-4-31b|nothink|narr|sizes|recon_solve,2026-08-17T10:33:01.038501,python-sweep,sub_026,narc_puzzle_sub_026_2026-08-17.json,🧩Pinky,google/gemma-4-31b,recon_solve,False,True,True,folder,python-v1,,False,True,False,False,False,25,23,92.0,92.0,100.0,23,92.0,25,0,2,0,1,1,0,0,,,,,,True,,503,91,0
sub_032|google/gemma-4-31b|nothink|narr|sizes|blind_solve,2026-08-17T10:33:04.547628,python-sweep,sub_032,narc_puzzle_sub_032_2026-08-17.json,🧩Play,google/gemma-4-31b,blind_solve,False,True,True,folder,python-v1,,False,True,False,False,False,25,15,60.0,60.0,100.0,7,46.67,15,2,8,0,1,1,0,1,,,,,,True,,707,105,0
sub_032|google/gemma-4-31b|nothink|narr|sizes|reconstruct,2026-08-17T10:33:08.263527,python-sweep,sub_032,narc_puzzle_sub_032_2026-08-17.json,🧩Play,google/gemma-4-31b,reconstruct,False,True,True,folder,python-v1,,False,True,False,False,,75,57,76.0,76.0,100.0,26,60.47,43,1,17,0,3,3,0,0,True,True,,,,,,1768,737,0
sub_032|google/gemma-4-31b|nothink|narr|sizes|recon_solve,2026-08-17T10:33:13.040776,python-sweep,sub_032,narc_puzzle_sub_032_2026-08-17.json,🧩Play,google/gemma-4-31b,recon_solve,False,True,True,folder,python-v1,,False,True,False,False,False,25,18,72.0,76.0,88.89,9,60.0,15,0,6,0,1,1,0,0,,,,,,True,,542,105,0
sub_034_rev_rev|google/gemma-4-31b|nothink|narr|sizes|blind_solve,2026-08-17T10:33:16.590810,python-sweep,sub_034_rev_rev,narc_puzzle_sub_034_rev_rev_2026-08-17.json,🧩Pinky6,google/gemma-4-31b,blind_solve,False,True,True,folder,python-v1,,False,True,False,False,False,9,6,66.67,66.67,100.0,1,25.0,4,0,3,0,1,1,0,1,,,,,,True,,494,53,0
sub_034_rev_rev|google/gemma-4-31b|nothink|narr|sizes|reconstruct,2026-08-17T10:33:20.091554,python-sweep,sub_034_rev_rev,narc_puzzle_sub_034_rev_rev_2026-08-17.json,🧩Pinky6,google/gemma-4-31b,reconstruct,False,True,True,folder,python-v1,,False,True,False,False,,27,27,100.0,100.0,100.0,24,100.0,24,0,0,0,3,3,3,3,True,True,,,,,,922,385,0
sub_034_rev_rev|google/gemma-4-31b|nothink|narr|sizes|recon_solve,2026-08-17T10:33:24.022260,python-sweep,sub_034_rev_rev,narc_puzzle_sub_034_rev_rev_2026-08-17.json,🧩Pinky6,google/gemma-4-31b,recon_solve,False,True,True,folder,python-v1,,False,True,False,False,False,9,6,66.67,66.67,100.0,2,50.0,4,1,2,0,1,1,0,1,,,,,,True,,356,45,0
sub_035|google/gemma-4-31b|nothink|narr|sizes|blind_solve,2026-08-17T10:33:27.387042,python-sweep,sub_035,narc_puzzle_sub_035_2026-08-17.json,🧩Foreign Exchange Model,google/gemma-4-31b,blind_solve,False,True,True,folder,python-v1,,False,True,False,False,False,289,232,80.28,80.28,,0,0.0,57,0,57,0,1,1,0,1,,,,,,True,,3515,921,0
sub_035|google/gemma-4-31b|nothink|narr|sizes|reconstruct,2026-08-17T10:33:33.916305,python-sweep,sub_035,narc_puzzle_sub_035_2026-08-17.json,🧩Foreign Exchange Model,google/gemma-4-31b,reconstruct,False,True,True,folder,python-v1,,False,True,False,False,,578,134,23.18,77.34,71.43,7,6.14,114,24,107,378,2,2,0,0,True,True,,,,,,2731,973,0
sub_035|google/gemma-4-31b|nothink|narr|sizes|recon_solve,2026-08-17T10:33:39.657777,python-sweep,sub_035,narc_puzzle_sub_035_2026-08-17.json,🧩Foreign Exchange Model,google/gemma-4-31b,recon_solve,False,True,True,folder,python-v1,,False,True,False,False,False,289,216,74.74,75.09,0.0,1,1.75,57,16,56,0,1,1,0,1,,,,,,True,,2412,633,0
sub_041|google/gemma-4-31b|nothink|narr|sizes|blind_solve,2026-08-17T10:33:45.081180,python-sweep,sub_041,narc_puzzle_sub_041_2026-08-17.json,🧩Flame,google/gemma-4-31b,blind_solve,False,True,True,folder,python-v1,,False,True,False,False,False,25,19,76.0,76.0,,0,0.0,6,0,6,0,1,1,0,1,,,,,,True,,653,105,0
sub_041|google/gemma-4-31b|nothink|narr|sizes|reconstruct,2026-08-17T10:33:48.740696,python-sweep,sub_041,narc_puzzle_sub_041_2026-08-17.json,🧩Flame,google/gemma-4-31b,reconstruct,False,True,True,folder,python-v1,,False,True,False,False,,100,90,90.0,97.0,80.56,36,92.31,39,0,3,0,4,4,2,4,True,True,,,,,,2251,770,0
sub_041|google/gemma-4-31b|nothink|narr|sizes|recon_solve,2026-08-17T10:33:53.998692,python-sweep,sub_041,narc_puzzle_sub_041_2026-08-17.json,🧩Flame,google/gemma-4-31b,recon_solve,False,True,True,folder,python-v1,,False,True,False,False,False,25,20,80.0,80.0,100.0,2,33.33,6,1,4,0,1,1,0,1,,,,,,True,,464,81,0
sub_044|google/gemma-4-31b|nothink|narr|sizes|blind_solve,2026-08-17T10:33:57.474513,python-sweep,sub_044,narc_puzzle_sub_044_2026-08-17.json,🧩Apple,google/gemma-4-31b,blind_solve,False,True,True,folder,python-v1,,False,True,False,False,False,25,21,84.0,92.0,71.43,7,77.78,9,0,2,0,1,1,0,1,,,,,,True,,684,105,0
sub_044|google/gemma-4-31b|nothink|narr|sizes|reconstruct,2026-08-17T10:34:01.169217,python-sweep,sub_044,narc_puzzle_sub_044_2026-08-17.json,🧩Apple,google/gemma-4-31b,reconstruct,False,True,True,folder,python-v1,,False,True,False,False,,75,74,98.67,100.0,95.83,24,100.0,24,0,0,0,3,3,2,3,True,True,,,,,,1414,588,0
sub_044|google/gemma-4-31b|nothink|narr|sizes|recon_solve,2026-08-17T10:34:05.589606,python-sweep,sub_044,narc_puzzle_sub_044_2026-08-17.json,🧩Apple,google/gemma-4-31b,recon_solve,False,True,True,folder,python-v1,,False,True,False,False,False,25,22,88.0,88.0,100.0,7,77.78,9,1,2,0,1,1,0,1,,,,,,True,,420,81,0
sub_058|google/gemma-4-31b|nothink|narr|sizes|blind_solve,2026-08-17T10:34:09.020332,python-sweep,sub_058,narc_puzzle_sub_058_2026-08-17.json,🧩Pruning 04（4x4）04masked,google/gemma-4-31b,blind_solve,False,True,True,folder,python-v1,,False,True,False,False,False,16,14,87.5,87.5,100.0,6,100.0,6,2,0,0,1,1,0,1,,,,,,True,,587,76,0
sub_058|google/gemma-4-31b|nothink|narr|sizes|reconstruct,2026-08-17T10:34:12.613517,python-sweep,sub_058,narc_puzzle_sub_058_2026-08-17.json,🧩Pruning 04（4x4）04masked,google/gemma-4-31b,reconstruct,False,True,True,folder,python-v1,,False,True,False,False,,48,47,97.92,97.92,100.0,25,100.0,25,1,0,0,3,3,2,3,True,True,,,,,,1352,495,0
sub_058|google/gemma-4-31b|nothink|narr|sizes|recon_solve,2026-08-17T10:34:16.973449,python-sweep,sub_058,narc_puzzle_sub_058_2026-08-17.json,🧩Pruning 04（4x4）04masked,google/gemma-4-31b,recon_solve,False,True,True,folder,python-v1,,False,True,False,False,False,16,14,87.5,87.5,100.0,4,66.67,6,0,2,0,1,1,0,1,,,,,,True,,384,61,0
sub_065|google/gemma-4-31b|nothink|narr|sizes|blind_solve,2026-08-17T10:34:20.368945,python-sweep,sub_065,narc_puzzle_sub_065_2026-08-17.json,🧩The Fountain Show 05 （3x4）01 masked,google/gemma-4-31b,blind_solve,False,True,True,folder,python-v1,,False,True,False,False,False,12,6,50.0,66.67,75.0,8,88.89,9,3,1,0,1,1,0,1,,,,,,True,,571,64,0
sub_065|google/gemma-4-31b|nothink|narr|sizes|reconstruct,2026-08-17T10:34:23.948938,python-sweep,sub_065,narc_puzzle_sub_065_2026-08-17.json,🧩The Fountain Show 05 （3x4）01 masked,google/gemma-4-31b,reconstruct,False,True,True,folder,python-v1,,False,True,False,False,,24,24,100.0,100.0,100.0,18,100.0,18,0,0,0,2,2,2,2,True,True,,,,,,786,323,0
sub_065|google/gemma-4-31b|nothink|narr|sizes|recon_solve,2026-08-17T10:34:27.745543,python-sweep,sub_065,narc_puzzle_sub_065_2026-08-17.json,🧩The Fountain Show 05 （3x4）01 masked,google/gemma-4-31b,recon_solve,False,True,True,folder,python-v1,,False,True,False,False,False,12,6,50.0,50.0,100.0,3,33.33,9,0,6,0,1,1,0,1,,,,,,True,,510,53,0
sub_086|google/gemma-4-31b|nothink|narr|sizes|blind_solve,2026-08-17T10:34:31.266939,python-sweep,sub_086,narc_puzzle_sub_086_2026-08-17.json,🧩Penny's car 01 small ver.,google/gemma-4-31b,blind_solve,False,True,True,folder,python-v1,,False,True,False,False,False,10,8,80.0,100.0,80.0,10,100.0,10,0,0,0,1,1,0,1,,,,,,True,,549,70,0
sub_086|google/gemma-4-31b|nothink|narr|sizes|reconstruct,2026-08-17T10:34:34.823313,python-sweep,sub_086,narc_puzzle_sub_086_2026-08-17.json,🧩Penny's car 01 small ver.,google/gemma-4-31b,reconstruct,False,True,True,folder,python-v1,,False,True,False,False,,20,20,100.0,100.0,100.0,20,100.0,20,0,0,0,2,2,2,2,True,True,,,,,,719,260,0
sub_086|google/gemma-4-31b|nothink|narr|sizes|recon_solve,2026-08-17T10:34:38.549716,python-sweep,sub_086,narc_puzzle_sub_086_2026-08-17.json,🧩Penny's car 01 small ver.,google/gemma-4-31b,recon_solve,False,True,True,folder,python-v1,,False,True,False,False,False,10,7,70.0,100.0,70.0,10,100.0,10,0,0,0,1,1,0,1,,,,,,True,,359,61,0
sub_088|google/gemma-4-31b|nothink|narr|sizes|blind_solve,2026-08-17T10:34:41.915815,python-sweep,sub_088,narc_puzzle_sub_088_2026-08-17.json,🧩Moka pot 01 small ver.,google/gemma-4-31b,blind_solve,False,True,True,folder,python-v1,,False,True,False,False,True,9,9,100.0,100.0,100.0,3,100.0,3,0,0,0,1,1,1,1,,,,,,True,,525,65,0
sub_088|google/gemma-4-31b|nothink|narr|sizes|reconstruct,2026-08-17T10:34:45.448765,python-sweep,sub_088,narc_puzzle_sub_088_2026-08-17.json,🧩Moka pot 01 small ver.,google/gemma-4-31b,reconstruct,False,True,True,folder,python-v1,,False,True,False,False,,18,18,100.0,100.0,100.0,12,100.0,12,0,0,0,2,2,2,2,True,True,,,,,,843,407,0
sub_088|google/gemma-4-31b|nothink|narr|sizes|recon_solve,2026-08-17T10:34:49.299549,python-sweep,sub_088,narc_puzzle_sub_088_2026-08-17.json,🧩Moka pot 01 small ver.,google/gemma-4-31b,recon_solve,False,True,True,folder,python-v1,,False,True,False,False,False,9,3,33.33,33.33,100.0,3,100.0,3,6,0,0,1,1,0,1,,,,,,True,,371,57,0
sub_090|google/gemma-4-31b|nothink|narr|sizes|blind_solve,2026-08-17T10:34:52.676107,python-sweep,sub_090,narc_puzzle_sub_090_2026-08-17.json,🧩Carrot Patch 02 small ver.,google/gemma-4-31b,blind_solve,False,True,True,folder,python-v1,,False,True,False,False,False,12,11,91.67,91.67,100.0,6,85.71,7,0,1,0,1,1,0,1,,,,,,True,,542,60,0
sub_090|google/gemma-4-31b|nothink|narr|sizes|reconstruct,2026-08-17T10:34:56.222984,python-sweep,sub_090,narc_puzzle_sub_090_2026-08-17.json,🧩Carrot Patch 02 small ver.,google/gemma-4-31b,reconstruct,False,True,True,folder,python-v1,,False,True,False,False,,36,30,83.33,83.33,100.0,24,80.0,30,0,6,6,3,3,0,0,True,True,,,,,,930,384,0
sub_090|google/gemma-4-31b|nothink|narr|sizes|recon_solve,2026-08-17T10:35:00.159563,python-sweep,sub_090,narc_puzzle_sub_090_2026-08-17.json,🧩Carrot Patch 02 small ver.,google/gemma-4-31b,recon_solve,False,True,True,folder,python-v1,,False,True,False,False,False,12,11,91.67,91.67,100.0,6,85.71,7,0,1,0,1,1,0,1,,,,,,True,,374,49,0
sub_095|google/gemma-4-31b|nothink|narr|sizes|blind_solve,2026-08-17T10:35:03.542298,python-sweep,sub_095,narc_puzzle_sub_095_2026-08-17.json,🧩Bubble Level 04（9x1）,google/gemma-4-31b,blind_solve,False,True,True,folder,python-v1,,False,True,False,False,True,9,9,100.0,100.0,100.0,1,100.0,1,0,0,0,1,1,1,1,,,,,,True,,484,49,0
sub_095|google/gemma-4-31b|nothink|narr|sizes|reconstruct,2026-08-17T10:35:07.032849,python-sweep,sub_095,narc_puzzle_sub_095_2026-08-17.json,🧩Bubble Level 04（9x1）,google/gemma-4-31b,reconstruct,False,True,True,folder,python-v1,,False,True,False,False,,27,27,100.0,100.0,100.0,3,100.0,3,0,0,0,3,3,3,3,True,True,,,,,,913,290,0
sub_095|google/gemma-4-31b|nothink|narr|sizes|recon_solve,2026-08-17T10:35:10.951831,python-sweep,sub_095,narc_puzzle_sub_095_2026-08-17.json,🧩Bubble Level 04（9x1）,google/gemma-4-31b,recon_solve,False,True,True,folder,python-v1,,False,True,False,False,True,9,9,100.0,100.0,100.0,1,100.0,1,0,0,0,1,1,1,1,,,,,,True,,366,41,0
sub_096|google/gemma-4-31b|nothink|narr|sizes|blind_solve,2026-08-17T10:35:14.329214,python-sweep,sub_096,narc_puzzle_sub_096_2026-08-17.json,🧩Elevator 01,google/gemma-4-31b,blind_solve,False,True,True,folder,python-v1,,False,True,False,False,False,25,19,76.0,76.0,,0,0.0,3,3,3,0,1,1,0,1,,,,,,True,,700,105,0
sub_096|google/gemma-4-31b|nothink|narr|sizes|reconstruct,2026-08-17T10:35:18.039281,python-sweep,sub_096,narc_puzzle_sub_096_2026-08-17.json,🧩Elevator 01,google/gemma-4-31b,reconstruct,False,True,True,folder,python-v1,,False,True,False,False,,100,97,97.0,97.0,100.0,9,81.82,11,1,2,0,4,4,3,4,True,True,,,,,,1804,776,0
sub_096|google/gemma-4-31b|nothink|narr|sizes|recon_solve,2026-08-17T10:35:22.851668,python-sweep,sub_096,narc_puzzle_sub_096_2026-08-17.json,🧩Elevator 01,google/gemma-4-31b,recon_solve,False,True,True,folder,python-v1,,False,True,False,False,False,25,23,92.0,92.0,100.0,2,66.67,3,1,1,0,1,1,0,1,,,,,,True,,481,81,0
sub_101|google/gemma-4-31b|nothink|narr|sizes|blind_solve,2026-08-17T10:35:26.346454,python-sweep,sub_101,narc_puzzle_sub_101_2026-08-17.json,"🧩Push-up 01 03,04masked",google/gemma-4-31b,blind_solve,False,True,True,folder,python-v1,,False,True,False,False,True,16,16,100.0,100.0,100.0,10,100.0,10,0,0,0,2,2,2,2,,,,,,True,,584,83,0
sub_101|google/gemma-4-31b|nothink|narr|sizes|reconstruct,2026-08-17T10:35:29.937539,python-sweep,sub_101,narc_puzzle_sub_101_2026-08-17.json,"🧩Push-up 01 03,04masked",google/gemma-4-31b,reconstruct,False,True,True,folder,python-v1,,False,True,False,False,,16,16,100.0,100.0,100.0,10,100.0,10,0,0,0,2,2,2,2,True,True,,,,,,774,261,0
sub_101|google/gemma-4-31b|nothink|narr|sizes|recon_solve,2026-08-17T10:35:33.716299,python-sweep,sub_101,narc_puzzle_sub_101_2026-08-17.json,"🧩Push-up 01 03,04masked",google/gemma-4-31b,recon_solve,False,True,True,folder,python-v1,,False,True,False,False,True,16,16,100.0,100.0,100.0,10,100.0,10,0,0,0,2,2,2,2,,,,,,True,,404,69,0
sub_103|google/gemma-4-31b|nothink|narr|sizes|blind_solve,2026-08-17T10:35:37.133704,python-sweep,sub_103,narc_puzzle_sub_103_2026-08-17.json,🧩Six cakes01  03 masked,google/gemma-4-31b,blind_solve,False,True,True,folder,python-v1,,False,True,False,False,False,6,4,66.67,66.67,100.0,1,50.0,2,1,1,0,1,1,0,1,,,,,,True,,541,42,0
sub_103|google/gemma-4-31b|nothink|narr|sizes|reconstruct,2026-08-17T10:35:40.683031,python-sweep,sub_103,narc_puzzle_sub_103_2026-08-17.json,🧩Six cakes01  03 masked,google/gemma-4-31b,reconstruct,False,True,True,folder,python-v1,,False,True,False,False,,12,12,100.0,100.0,100.0,8,100.0,8,0,0,0,2,2,2,2,True,True,,,,,,652,238,0
sub_103|google/gemma-4-31b|nothink|narr|sizes|recon_solve,2026-08-17T10:35:44.341275,python-sweep,sub_103,narc_puzzle_sub_103_2026-08-17.json,🧩Six cakes01  03 masked,google/gemma-4-31b,recon_solve,False,True,True,folder,python-v1,,False,True,False,False,False,6,5,83.33,83.33,100.0,1,50.0,2,0,1,0,1,1,0,1,,,,,,True,,349,37,0
sub_113|google/gemma-4-31b|nothink|narr|sizes|blind_solve,2026-08-17T10:35:47.700389,python-sweep,sub_113,narc_puzzle_sub_113_2026-08-17.json,🧩Oil,google/gemma-4-31b,blind_solve,False,True,True,folder,python-v1,,False,True,False,False,False,25,15,60.0,100.0,50.0,20,100.0,20,0,0,0,1,1,0,1,,,,,,True,,678,105,0
sub_113|google/gemma-4-31b|nothink|narr|sizes|reconstruct,2026-08-17T10:35:51.388412,python-sweep,sub_113,narc_puzzle_sub_113_2026-08-17.json,🧩Oil,google/gemma-4-31b,reconstruct,False,True,True,folder,python-v1,,False,True,False,False,,75,75,100.0,100.0,100.0,65,100.0,65,0,0,0,3,3,3,3,True,True,,,,,,1440,586,0
sub_113|google/gemma-4-31b|nothink|narr|sizes|recon_solve,2026-08-17T10:35:55.834734,python-sweep,sub_113,narc_puzzle_sub_113_2026-08-17.json,🧩Oil,google/gemma-4-31b,recon_solve,False,True,True,folder,python-v1,,False,True,False,False,False,25,15,60.0,80.0,66.67,15,75.0,20,0,5,0,1,1,0,1,,,,,,True,,449,81,0
Ballerina 4|qwen/qwen3.5-122b|nothink|narr|sizes|blind_solve,2026-08-17T10:35:57.081965,python-sweep,Ballerina 4,narc_puzzle_Ballerina 4_2026-08-17.json,🧩Ballerina 4,qwen/qwen3.5-122b,blind_solve,False,True,True,folder,python-v1,,False,True,False,False,False,25,14,56.0,56.0,,0,0.0,6,5,6,0,1,1,0,1,,,,,,True,,651,105,0
Ballerina 4|qwen/qwen3.5-122b|nothink|narr|sizes|reconstruct,2026-08-17T10:36:00.740639,python-sweep,Ballerina 4,narc_puzzle_Ballerina 4_2026-08-17.json,🧩Ballerina 4,qwen/qwen3.5-122b,reconstruct,False,True,True,folder,python-v1,,False,True,False,False,,100,100,100.0,100.0,100.0,23,100.0,23,0,0,0,4,4,4,4,True,True,,,,,,1886,776,0
Ballerina 4|qwen/qwen3.5-122b|nothink|narr|sizes|recon_solve,2026-08-17T10:36:05.636370,python-sweep,Ballerina 4,narc_puzzle_Ballerina 4_2026-08-17.json,🧩Ballerina 4,qwen/qwen3.5-122b,recon_solve,False,True,True,folder,python-v1,,False,True,False,False,False,25,14,56.0,56.0,,0,0.0,6,5,6,0,1,1,0,1,,,,,,True,,685,105,0
CLCockatiels 3|qwen/qwen3.5-122b|nothink|narr|sizes|blind_solve,2026-08-17T10:36:09.329632,python-sweep,CLCockatiels 3,narc_puzzle_CLCockatiels 3_2026-08-17.json,🧩Cockatiels 3,qwen/qwen3.5-122b,blind_solve,False,True,True,folder,python-v1,,False,True,False,False,False,162,68,41.98,45.06,93.15,73,100.0,73,89,0,0,2,2,0,2,,,,,,True,,2184,549,0
CLCockatiels 3|qwen/qwen3.5-122b|nothink|narr|sizes|reconstruct,2026-08-17T10:36:14.522120,python-sweep,CLCockatiels 3,narc_puzzle_CLCockatiels 3_2026-08-17.json,🧩Cockatiels 3,qwen/qwen3.5-122b,reconstruct,False,True,True,folder,python-v1,,False,True,False,False,,162,162,100.0,100.0,100.0,77,100.0,77,0,0,0,2,2,2,2,True,True,,,,,,2489,829,0
CLCockatiels 3|qwen/qwen3.5-122b|nothink|narr|sizes|recon_solve,2026-08-17T10:36:20.022062,python-sweep,CLCockatiels 3,narc_puzzle_CLCockatiels 3_2026-08-17.json,🧩Cockatiels 3,qwen/qwen3.5-122b,recon_solve,False,True,True,folder,python-v1,,False,True,False,False,False,162,157,96.91,99.38,94.44,72,98.63,73,0,1,0,2,2,1,2,,,,,,True,,2330,685,0
narc8|qwen/qwen3.5-122b|nothink|narr|sizes|blind_solve,2026-08-17T10:36:25.364425,python-sweep,narc8,narc_puzzle_narc8_2026-08-17.json,🧩Energy,qwen/qwen3.5-122b,blind_solve,False,True,True,folder,python-v1,,False,True,False,False,False,25,9,36.0,36.0,100.0,1,11.11,9,8,8,0,1,1,0,1,,,,,,True,,669,105,0
narc8|qwen/qwen3.5-122b|nothink|narr|sizes|reconstruct,2026-08-17T10:36:29.042184,python-sweep,narc8,narc_puzzle_narc8_2026-08-17.json,🧩Energy,qwen/qwen3.5-122b,reconstruct,False,True,True,folder,python-v1,,False,True,False,False,,75,75,100.0,100.0,100.0,35,100.0,35,0,0,0,3,3,3,3,True,True,,,,,,1693,590,0
narc8|qwen/qwen3.5-122b|nothink|narr|sizes|recon_solve,2026-08-17T10:36:33.735689,python-sweep,narc8,narc_puzzle_narc8_2026-08-17.json,🧩Energy,qwen/qwen3.5-122b,recon_solve,False,True,True,folder,python-v1,,False,True,False,False,False,25,9,36.0,36.0,100.0,1,11.11,9,8,8,0,1,1,0,1,,,,,,True,,690,105,0
sub_006|qwen/qwen3.5-122b|nothink|narr|sizes|blind_solve,2026-08-17T10:36:37.434924,python-sweep,sub_006,narc_puzzle_sub_006_2026-08-17.json,🧩Farm,qwen/qwen3.5-122b,blind_solve,False,True,True,folder,python-v1,,False,True,False,False,False,25,0,0.0,52.0,0.0,13,100.0,13,12,0,0,1,1,0,1,,,,,,True,,645,105,0
sub_006|qwen/qwen3.5-122b|nothink|narr|sizes|reconstruct,2026-08-17T10:36:41.086987,python-sweep,sub_006,narc_puzzle_sub_006_2026-08-17.json,🧩Farm,qwen/qwen3.5-122b,reconstruct,False,True,True,folder,python-v1,,False,True,False,False,,75,75,100.0,100.0,100.0,39,100.0,39,0,0,0,3,3,3,3,True,True,,,,,,1627,587,0
sub_006|qwen/qwen3.5-122b|nothink|narr|sizes|recon_solve,2026-08-17T10:36:45.717091,python-sweep,sub_006,narc_puzzle_sub_006_2026-08-17.json,🧩Farm,qwen/qwen3.5-122b,recon_solve,False,True,True,folder,python-v1,,False,True,False,False,False,25,18,72.0,100.0,46.15,13,100.0,13,0,0,0,1,1,0,1,,,,,,True,,661,153,0
sub_009|qwen/qwen3.5-122b|nothink|narr|sizes|blind_solve,2026-08-17T10:36:49.384228,python-sweep,sub_009,narc_puzzle_sub_009_2026-08-17.json,🧩Cloudy,qwen/qwen3.5-122b,blind_solve,False,True,True,folder,python-v1,,False,True,False,False,False,49,36,73.47,73.47,100.0,7,35.0,20,0,13,0,1,1,0,1,,,,,,True,,943,181,0
sub_009|qwen/qwen3.5-122b|nothink|narr|sizes|reconstruct,2026-08-17T10:36:53.332717,python-sweep,sub_009,narc_puzzle_sub_009_2026-08-17.json,🧩Cloudy,qwen/qwen3.5-122b,reconstruct,False,True,True,folder,python-v1,,False,True,False,False,,147,147,100.0,100.0,100.0,52,100.0,52,0,0,0,3,3,3,3,True,True,,,,,,2418,865,0
sub_009|qwen/qwen3.5-122b|nothink|narr|sizes|recon_solve,2026-08-17T10:36:58.758388,python-sweep,sub_009,narc_puzzle_sub_009_2026-08-17.json,🧩Cloudy,qwen/qwen3.5-122b,recon_solve,False,True,True,folder,python-v1,,False,True,False,False,False,49,32,65.31,67.35,91.67,12,60.0,20,8,8,0,1,1,0,1,,,,,,True,,962,241,0
sub_013|qwen/qwen3.5-122b|nothink|narr|sizes|blind_solve,2026-08-17T10:37:02.733215,python-sweep,sub_013,narc_puzzle_sub_013_2026-08-17.json,🧩Jumpy,qwen/qwen3.5-122b,blind_solve,False,True,True,folder,python-v1,,False,True,False,False,False,25,20,80.0,80.0,100.0,3,37.5,8,0,5,0,1,1,0,1,,,,,,True,,723,105,0
sub_013|qwen/qwen3.5-122b|nothink|narr|sizes|reconstruct,2026-08-17T10:37:06.462454,python-sweep,sub_013,narc_puzzle_sub_013_2026-08-17.json,🧩Jumpy,qwen/qwen3.5-122b,reconstruct,False,True,True,folder,python-v1,,False,True,False,False,,75,75,100.0,100.0,100.0,25,100.0,25,0,0,0,3,3,3,3,True,True,,,,,,1584,588,0
sub_013|qwen/qwen3.5-122b|nothink|narr|sizes|recon_solve,2026-08-17T10:37:11.051880,python-sweep,sub_013,narc_puzzle_sub_013_2026-08-17.json,🧩Jumpy,qwen/qwen3.5-122b,recon_solve,False,True,True,folder,python-v1,,False,True,False,False,False,25,23,92.0,96.0,85.71,7,87.5,8,0,1,0,1,1,0,1,,,,,,True,,663,153,0
sub_022|qwen/qwen3.5-122b|nothink|narr|sizes|blind_solve,2026-08-17T10:37:14.718729,python-sweep,sub_022,narc_puzzle_sub_022_2026-08-17.json,🧩Hunt,qwen/qwen3.5-122b,blind_solve,False,True,True,folder,python-v1,,False,True,False,False,False,25,21,84.0,84.0,100.0,3,42.86,7,0,4,0,1,1,0,1,,,,,,True,,637,105,0
sub_022|qwen/qwen3.5-122b|nothink|narr|sizes|reconstruct,2026-08-17T10:37:18.362733,python-sweep,sub_022,narc_puzzle_sub_022_2026-08-17.json,🧩Hunt,qwen/qwen3.5-122b,reconstruct,False,True,True,folder,python-v1,,False,True,False,False,,75,75,100.0,100.0,100.0,17,100.0,17,0,0,0,3,3,3,3,True,True,,,,,,1604,588,0
sub_022|qwen/qwen3.5-122b|nothink|narr|sizes|recon_solve,2026-08-17T10:37:22.974283,python-sweep,sub_022,narc_puzzle_sub_022_2026-08-17.json,🧩Hunt,qwen/qwen3.5-122b,recon_solve,False,True,True,folder,python-v1,,False,True,False,False,False,25,23,92.0,92.0,100.0,5,71.43,7,0,2,0,1,1,0,1,,,,,,True,,575,105,0
sub_025_tre_rev|qwen/qwen3.5-122b|nothink|narr|sizes|blind_solve,2026-08-17T10:37:26.559533,python-sweep,sub_025_tre_rev,narc_puzzle_sub_025_tre_rev_2026-08-17.json,🧩Crop4,qwen/qwen3.5-122b,blind_solve,False,True,True,folder,python-v1,,False,True,False,False,False,9,8,88.89,100.0,88.89,9,100.0,9,0,0,0,1,1,0,1,,,,,,True,,487,53,0
sub_025_tre_rev|qwen/qwen3.5-122b|nothink|narr|sizes|reconstruct,2026-08-17T10:37:30.051795,python-sweep,sub_025_tre_rev,narc_puzzle_sub_025_tre_rev_2026-08-17.json,🧩Crop4,qwen/qwen3.5-122b,reconstruct,False,True,True,folder,python-v1,,False,True,False,False,,27,27,100.0,100.0,100.0,24,100.0,24,0,0,0,3,3,3,3,True,True,,,,,,1052,384,0
sub_025_tre_rev|qwen/qwen3.5-122b|nothink|narr|sizes|recon_solve,2026-08-17T10:37:34.111753,python-sweep,sub_025_tre_rev,narc_puzzle_sub_025_tre_rev_2026-08-17.json,🧩Crop4,qwen/qwen3.5-122b,recon_solve,False,True,True,folder,python-v1,,False,True,False,False,False,9,7,77.78,77.78,100.0,7,77.78,9,0,2,0,1,1,0,1,,,,,,True,,618,53,0
sub_026|qwen/qwen3.5-122b|nothink|narr|sizes|blind_solve,2026-08-17T10:37:37.738266,python-sweep,sub_026,narc_puzzle_sub_026_2026-08-17.json,🧩Pinky,qwen/qwen3.5-122b,blind_solve,False,True,True,folder,python-v1,,False,True,False,False,False,25,21,84.0,100.0,84.0,25,100.0,25,0,0,0,1,1,0,1,,,,,,True,,689,105,0
sub_026|qwen/qwen3.5-122b|nothink|narr|sizes|reconstruct,2026-08-17T10:37:41.439178,python-sweep,sub_026,narc_puzzle_sub_026_2026-08-17.json,🧩Pinky,qwen/qwen3.5-122b,reconstruct,False,True,True,folder,python-v1,,False,True,False,False,,75,75,100.0,100.0,100.0,55,100.0,55,0,0,0,3,3,3,3,True,True,,,,,,1584,588,0
sub_026|qwen/qwen3.5-122b|nothink|narr|sizes|recon_solve,2026-08-17T10:37:46.032657,python-sweep,sub_026,narc_puzzle_sub_026_2026-08-17.json,🧩Pinky,qwen/qwen3.5-122b,recon_solve,False,True,True,folder,python-v1,,False,True,False,False,False,25,20,80.0,80.0,100.0,20,80.0,25,0,5,0,1,1,0,1,,,,,,True,,577,105,0
sub_032|qwen/qwen3.5-122b|nothink|narr|sizes|blind_solve,2026-08-17T10:37:49.621873,python-sweep,sub_032,narc_puzzle_sub_032_2026-08-17.json,🧩Play,qwen/qwen3.5-122b,blind_solve,False,True,True,folder,python-v1,,False,True,False,False,False,25,18,72.0,80.0,83.33,12,80.0,15,2,3,0,1,1,0,1,,,,,,True,,670,105,0
sub_032|qwen/qwen3.5-122b|nothink|narr|sizes|reconstruct,2026-08-17T10:37:53.300818,python-sweep,sub_032,narc_puzzle_sub_032_2026-08-17.json,🧩Play,qwen/qwen3.5-122b,reconstruct,False,True,True,folder,python-v1,,False,True,False,False,,75,75,100.0,100.0,100.0,43,100.0,43,0,0,0,3,3,3,3,True,True,,,,,,1583,587,0
sub_032|qwen/qwen3.5-122b|nothink|narr|sizes|recon_solve,2026-08-17T10:37:57.890761,python-sweep,sub_032,narc_puzzle_sub_032_2026-08-17.json,🧩Play,qwen/qwen3.5-122b,recon_solve,False,True,True,folder,python-v1,,False,True,False,False,False,25,18,72.0,80.0,83.33,12,80.0,15,2,3,0,1,1,0,1,,,,,,True,,578,105,0
sub_034_rev_rev|qwen/qwen3.5-122b|nothink|narr|sizes|blind_solve,2026-08-17T10:38:01.478537,python-sweep,sub_034_rev_rev,narc_puzzle_sub_034_rev_rev_2026-08-17.json,🧩Pinky6,qwen/qwen3.5-122b,blind_solve,False,True,True,folder,python-v1,,False,True,False,False,False,9,7,77.78,77.78,100.0,4,100.0,4,2,0,0,1,1,0,1,,,,,,True,,486,53,0
sub_034_rev_rev|qwen/qwen3.5-122b|nothink|narr|sizes|reconstruct,2026-08-17T10:38:04.974203,python-sweep,sub_034_rev_rev,narc_puzzle_sub_034_rev_rev_2026-08-17.json,🧩Pinky6,qwen/qwen3.5-122b,reconstruct,False,True,True,folder,python-v1,,False,True,False,False,,27,27,100.0,100.0,100.0,24,100.0,24,0,0,0,3,4,3,3,False,True,,0,,,,1194,499,0
sub_034_rev_rev|qwen/qwen3.5-122b|nothink|narr|sizes|recon_solve,2026-08-17T10:38:09.173991,python-sweep,sub_034_rev_rev,narc_puzzle_sub_034_rev_rev_2026-08-17.json,🧩Pinky6,qwen/qwen3.5-122b,recon_solve,False,True,True,folder,python-v1,,False,True,False,False,False,9,7,77.78,77.78,100.0,4,100.0,4,2,0,0,1,1,0,1,,,,,,True,,523,53,0
sub_035|qwen/qwen3.5-122b|nothink|narr|sizes|blind_solve,2026-08-17T10:38:12.710331,python-sweep,sub_035,narc_puzzle_sub_035_2026-08-17.json,🧩Foreign Exchange Model,qwen/qwen3.5-122b,blind_solve,False,True,True,folder,python-v1,,False,True,False,False,False,289,33,11.42,19.72,57.89,57,100.0,57,232,0,0,1,1,0,1,,,,,,True,,3617,921,0
sub_035|qwen/qwen3.5-122b|nothink|narr|sizes|reconstruct,2026-08-17T10:38:19.338327,python-sweep,sub_035,narc_puzzle_sub_035_2026-08-17.json,🧩Foreign Exchange Model,qwen/qwen3.5-122b,reconstruct,False,True,True,folder,python-v1,,False,True,False,False,,578,578,100.0,100.0,100.0,114,100.0,114,0,0,0,2,2,0,0,True,True,,,,,,8170,2349,0
sub_035|qwen/qwen3.5-122b|nothink|narr|sizes|recon_solve,2026-08-17T10:38:30.513758,python-sweep,sub_035,narc_puzzle_sub_035_2026-08-17.json,🧩Foreign Exchange Model,qwen/qwen3.5-122b,recon_solve,False,True,True,folder,python-v1,,False,True,False,False,False,289,280,96.89,97.23,97.96,49,85.96,57,0,8,0,1,1,0,1,,,,,,True,,4011,1041,0
sub_041|qwen/qwen3.5-122b|nothink|narr|sizes|blind_solve,2026-08-17T10:38:37.538395,python-sweep,sub_041,narc_puzzle_sub_041_2026-08-17.json,🧩Flame,qwen/qwen3.5-122b,blind_solve,False,True,True,folder,python-v1,,False,True,False,False,False,25,19,76.0,76.0,,0,0.0,6,0,6,0,1,1,0,1,,,,,,True,,862,105,0
sub_041|qwen/qwen3.5-122b|nothink|narr|sizes|reconstruct,2026-08-17T10:38:41.409018,python-sweep,sub_041,narc_puzzle_sub_041_2026-08-17.json,🧩Flame,qwen/qwen3.5-122b,reconstruct,False,True,True,folder,python-v1,,False,True,False,False,,100,100,100.0,100.0,100.0,39,100.0,39,0,0,0,4,4,4,4,True,True,,,,,,2035,770,0
sub_041|qwen/qwen3.5-122b|nothink|narr|sizes|recon_solve,2026-08-17T10:38:46.449227,python-sweep,sub_041,narc_puzzle_sub_041_2026-08-17.json,🧩Flame,qwen/qwen3.5-122b,recon_solve,False,True,True,folder,python-v1,,False,True,False,False,False,25,15,60.0,68.0,0.0,2,33.33,6,4,4,0,1,1,0,1,,,,,,True,,653,153,0
sub_044|qwen/qwen3.5-122b|nothink|narr|sizes|blind_solve,2026-08-17T10:38:50.113854,python-sweep,sub_044,narc_puzzle_sub_044_2026-08-17.json,🧩Apple,qwen/qwen3.5-122b,blind_solve,False,True,True,folder,python-v1,,False,True,False,False,False,25,23,92.0,92.0,100.0,8,88.89,9,1,1,0,1,1,0,1,,,,,,True,,668,105,0
sub_044|qwen/qwen3.5-122b|nothink|narr|sizes|reconstruct,2026-08-17T10:38:53.785209,python-sweep,sub_044,narc_puzzle_sub_044_2026-08-17.json,🧩Apple,qwen/qwen3.5-122b,reconstruct,False,True,True,folder,python-v1,,False,True,False,False,,75,75,100.0,100.0,100.0,24,100.0,24,0,0,0,3,3,3,3,True,True,,,,,,1602,588,0
sub_044|qwen/qwen3.5-122b|nothink|narr|sizes|recon_solve,2026-08-17T10:38:58.397626,python-sweep,sub_044,narc_puzzle_sub_044_2026-08-17.json,🧩Apple,qwen/qwen3.5-122b,recon_solve,False,True,True,folder,python-v1,,False,True,False,False,False,25,23,92.0,92.0,100.0,8,88.89,9,1,1,0,1,1,0,1,,,,,,True,,905,105,0
sub_058|qwen/qwen3.5-122b|nothink|narr|sizes|blind_solve,2026-08-17T10:39:02.311935,python-sweep,sub_058,narc_puzzle_sub_058_2026-08-17.json,🧩Pruning 04（4x4）04masked,qwen/qwen3.5-122b,blind_solve,False,True,True,folder,python-v1,,False,True,False,False,False,16,13,81.25,87.5,83.33,6,100.0,6,2,0,0,1,1,0,1,,,,,,True,,606,76,0
sub_058|qwen/qwen3.5-122b|nothink|narr|sizes|reconstruct,2026-08-17T10:39:05.926019,python-sweep,sub_058,narc_puzzle_sub_058_2026-08-17.json,🧩Pruning 04（4x4）04masked,qwen/qwen3.5-122b,reconstruct,False,True,True,folder,python-v1,,False,True,False,False,,48,48,100.0,100.0,100.0,25,100.0,25,0,0,0,3,3,3,3,True,True,,,,,,1339,495,0
sub_058|qwen/qwen3.5-122b|nothink|narr|sizes|recon_solve,2026-08-17T10:39:10.274447,python-sweep,sub_058,narc_puzzle_sub_058_2026-08-17.json,🧩Pruning 04（4x4）04masked,qwen/qwen3.5-122b,recon_solve,False,True,True,folder,python-v1,,False,True,False,False,False,16,14,87.5,93.75,83.33,6,100.0,6,1,0,0,1,1,0,1,,,,,,True,,485,76,0
sub_065|qwen/qwen3.5-122b|nothink|narr|sizes|blind_solve,2026-08-17T10:39:13.769964,python-sweep,sub_065,narc_puzzle_sub_065_2026-08-17.json,🧩The Fountain Show 05 （3x4）01 masked,qwen/qwen3.5-122b,blind_solve,False,True,True,folder,python-v1,,False,True,False,False,False,12,3,25.0,25.0,,0,0.0,9,0,9,0,1,1,0,1,,,,,,True,,586,64,0
sub_065|qwen/qwen3.5-122b|nothink|narr|sizes|reconstruct,2026-08-17T10:39:17.362351,python-sweep,sub_065,narc_puzzle_sub_065_2026-08-17.json,🧩The Fountain Show 05 （3x4）01 masked,qwen/qwen3.5-122b,reconstruct,False,True,True,folder,python-v1,,False,True,False,False,,24,24,100.0,100.0,100.0,18,100.0,18,0,0,0,2,3,2,2,False,True,,0,,,,1141,456,0
sub_065|qwen/qwen3.5-122b|nothink|narr|sizes|recon_solve,2026-08-17T10:39:21.512896,python-sweep,sub_065,narc_puzzle_sub_065_2026-08-17.json,🧩The Fountain Show 05 （3x4）01 masked,qwen/qwen3.5-122b,recon_solve,False,True,True,folder,python-v1,,False,True,False,False,False,12,6,50.0,50.0,100.0,3,33.33,9,0,6,0,1,1,0,1,,,,,,True,,444,64,0
sub_086|qwen/qwen3.5-122b|nothink|narr|sizes|blind_solve,2026-08-17T10:39:24.970237,python-sweep,sub_086,narc_puzzle_sub_086_2026-08-17.json,🧩Penny's car 01 small ver.,qwen/qwen3.5-122b,blind_solve,False,True,True,folder,python-v1,,False,True,False,False,False,10,3,30.0,100.0,30.0,10,100.0,10,0,0,0,1,1,0,1,,,,,,True,,525,70,0
sub_086|qwen/qwen3.5-122b|nothink|narr|sizes|reconstruct,2026-08-17T10:39:28.503304,python-sweep,sub_086,narc_puzzle_sub_086_2026-08-17.json,🧩Penny's car 01 small ver.,qwen/qwen3.5-122b,reconstruct,False,True,True,folder,python-v1,,False,True,False,False,,20,20,100.0,100.0,100.0,20,100.0,20,0,0,0,2,2,2,2,True,True,,,,,,934,436,0
sub_086|qwen/qwen3.5-122b|nothink|narr|sizes|recon_solve,2026-08-17T10:39:32.445561,python-sweep,sub_086,narc_puzzle_sub_086_2026-08-17.json,🧩Penny's car 01 small ver.,qwen/qwen3.5-122b,recon_solve,False,True,True,folder,python-v1,,False,True,False,False,False,10,9,90.0,100.0,90.0,10,100.0,10,0,0,0,1,1,0,1,,,,,,True,,416,70,0
sub_088|qwen/qwen3.5-122b|nothink|narr|sizes|blind_solve,2026-08-17T10:39:35.874861,python-sweep,sub_088,narc_puzzle_sub_088_2026-08-17.json,🧩Moka pot 01 small ver.,qwen/qwen3.5-122b,blind_solve,False,True,True,folder,python-v1,,False,True,False,False,False,9,6,66.67,66.67,,0,0.0,3,0,3,0,1,1,0,1,,,,,,True,,485,65,0
sub_088|qwen/qwen3.5-122b|nothink|narr|sizes|reconstruct,2026-08-17T10:39:39.369295,python-sweep,sub_088,narc_puzzle_sub_088_2026-08-17.json,🧩Moka pot 01 small ver.,qwen/qwen3.5-122b,reconstruct,False,True,True,folder,python-v1,,False,True,False,False,,18,18,100.0,100.0,100.0,12,100.0,12,0,0,0,2,2,2,2,True,True,,,,,,958,407,0
sub_088|qwen/qwen3.5-122b|nothink|narr|sizes|recon_solve,2026-08-17T10:39:43.337560,python-sweep,sub_088,narc_puzzle_sub_088_2026-08-17.json,🧩Moka pot 01 small ver.,qwen/qwen3.5-122b,recon_solve,False,True,True,folder,python-v1,,False,True,False,False,False,9,5,55.56,55.56,100.0,2,66.67,3,3,1,0,1,1,0,1,,,,,,True,,6212,65,0
sub_090|qwen/qwen3.5-122b|nothink|narr|sizes|blind_solve,2026-08-17T10:39:52.559015,python-sweep,sub_090,narc_puzzle_sub_090_2026-08-17.json,🧩Carrot Patch 02 small ver.,qwen/qwen3.5-122b,blind_solve,False,True,True,folder,python-v1,,False,True,False,False,False,12,11,91.67,91.67,100.0,6,85.71,7,0,1,0,1,1,0,1,,,,,,True,,521,60,0
sub_090|qwen/qwen3.5-122b|nothink|narr|sizes|reconstruct,2026-08-17T10:39:56.084609,python-sweep,sub_090,narc_puzzle_sub_090_2026-08-17.json,🧩Carrot Patch 02 small ver.,qwen/qwen3.5-122b,reconstruct,False,True,True,folder,python-v1,,False,True,False,False,,36,36,100.0,100.0,100.0,30,100.0,30,0,0,0,3,3,3,3,True,True,,,,,,1105,402,0
sub_090|qwen/qwen3.5-122b|nothink|narr|sizes|recon_solve,2026-08-17T10:40:00.198882,python-sweep,sub_090,narc_puzzle_sub_090_2026-08-17.json,🧩Carrot Patch 02 small ver.,qwen/qwen3.5-122b,recon_solve,False,True,True,folder,python-v1,,False,True,False,False,False,12,11,91.67,91.67,100.0,6,85.71,7,0,1,0,1,1,0,1,,,,,,True,,426,60,0
sub_095|qwen/qwen3.5-122b|nothink|narr|sizes|blind_solve,2026-08-17T10:40:03.634527,python-sweep,sub_095,narc_puzzle_sub_095_2026-08-17.json,🧩Bubble Level 04（9x1）,qwen/qwen3.5-122b,blind_solve,False,True,True,folder,python-v1,,False,True,False,False,False,9,8,88.89,88.89,,0,0.0,1,0,1,0,1,1,0,1,,,,,,True,,490,49,0
sub_095|qwen/qwen3.5-122b|nothink|narr|sizes|reconstruct,2026-08-17T10:40:07.129755,python-sweep,sub_095,narc_puzzle_sub_095_2026-08-17.json,🧩Bubble Level 04（9x1）,qwen/qwen3.5-122b,reconstruct,False,True,True,folder,python-v1,,False,True,False,False,,27,27,100.0,100.0,100.0,3,100.0,3,0,0,0,3,3,3,3,True,True,,,,,,979,290,0
sub_095|qwen/qwen3.5-122b|nothink|narr|sizes|recon_solve,2026-08-17T10:40:11.118798,python-sweep,sub_095,narc_puzzle_sub_095_2026-08-17.json,🧩Bubble Level 04（9x1）,qwen/qwen3.5-122b,recon_solve,False,True,True,folder,python-v1,,False,True,False,False,False,9,7,77.78,77.78,,0,0.0,1,1,1,0,1,1,0,1,,,,,,True,,414,49,0
sub_096|qwen/qwen3.5-122b|nothink|narr|sizes|blind_solve,2026-08-17T10:40:14.544952,python-sweep,sub_096,narc_puzzle_sub_096_2026-08-17.json,🧩Elevator 01,qwen/qwen3.5-122b,blind_solve,False,True,True,folder,python-v1,,False,True,False,False,False,25,21,84.0,84.0,,0,0.0,3,1,3,0,1,1,0,1,,,,,,True,,647,105,0
sub_096|qwen/qwen3.5-122b|nothink|narr|sizes|reconstruct,2026-08-17T10:40:18.199323,python-sweep,sub_096,narc_puzzle_sub_096_2026-08-17.json,🧩Elevator 01,qwen/qwen3.5-122b,reconstruct,False,True,True,folder,python-v1,,False,True,False,False,,100,100,100.0,100.0,100.0,11,100.0,11,0,0,0,4,4,4,4,True,True,,,,,,2104,776,0
sub_096|qwen/qwen3.5-122b|nothink|narr|sizes|recon_solve,2026-08-17T10:40:23.309307,python-sweep,sub_096,narc_puzzle_sub_096_2026-08-17.json,🧩Elevator 01,qwen/qwen3.5-122b,recon_solve,False,True,True,folder,python-v1,,False,True,False,False,False,25,22,88.0,88.0,,0,0.0,3,0,3,0,1,1,0,1,,,,,,True,,587,105,0
sub_101|qwen/qwen3.5-122b|nothink|narr|sizes|blind_solve,2026-08-17T10:40:26.906472,python-sweep,sub_101,narc_puzzle_sub_101_2026-08-17.json,"🧩Push-up 01 03,04masked",qwen/qwen3.5-122b,blind_solve,False,True,True,folder,python-v1,,False,True,False,False,False,16,6,37.5,37.5,100.0,4,40.0,10,4,6,0,2,2,0,2,,,,,,True,,608,83,0
sub_101|qwen/qwen3.5-122b|nothink|narr|sizes|reconstruct,2026-08-17T10:40:30.524591,python-sweep,sub_101,narc_puzzle_sub_101_2026-08-17.json,"🧩Push-up 01 03,04masked",qwen/qwen3.5-122b,reconstruct,False,True,True,folder,python-v1,,False,True,False,False,,16,16,100.0,100.0,100.0,10,100.0,10,0,0,0,2,2,2,2,True,True,,,,,,821,261,0
sub_101|qwen/qwen3.5-122b|nothink|narr|sizes|recon_solve,2026-08-17T10:40:34.352644,python-sweep,sub_101,narc_puzzle_sub_101_2026-08-17.json,"🧩Push-up 01 03,04masked",qwen/qwen3.5-122b,recon_solve,False,True,True,folder,python-v1,,False,True,False,False,True,16,16,100.0,100.0,100.0,10,100.0,10,0,0,0,2,2,2,2,,,,,,True,,506,83,0
sub_103|qwen/qwen3.5-122b|nothink|narr|sizes|blind_solve,2026-08-17T10:40:37.871418,python-sweep,sub_103,narc_puzzle_sub_103_2026-08-17.json,🧩Six cakes01  03 masked,qwen/qwen3.5-122b,blind_solve,False,True,True,folder,python-v1,,False,True,False,False,False,6,2,33.33,33.33,100.0,2,100.0,2,4,0,0,1,1,0,1,,,,,,True,,449,42,0
sub_103|qwen/qwen3.5-122b|nothink|narr|sizes|reconstruct,2026-08-17T10:40:41.329940,python-sweep,sub_103,narc_puzzle_sub_103_2026-08-17.json,🧩Six cakes01  03 masked,qwen/qwen3.5-122b,reconstruct,False,True,True,folder,python-v1,,False,True,False,False,,12,12,100.0,100.0,100.0,8,100.0,8,0,0,0,2,2,2,2,True,True,,,,,,786,248,0
sub_103|qwen/qwen3.5-122b|nothink|narr|sizes|recon_solve,2026-08-17T10:40:45.125582,python-sweep,sub_103,narc_puzzle_sub_103_2026-08-17.json,🧩Six cakes01  03 masked,qwen/qwen3.5-122b,recon_solve,False,True,True,folder,python-v1,,False,True,False,False,False,6,2,33.33,33.33,100.0,2,100.0,2,4,0,0,1,1,0,1,,,,,,True,,370,42,0
sub_113|qwen/qwen3.5-122b|nothink|narr|sizes|blind_solve,2026-08-17T10:40:48.506629,python-sweep,sub_113,narc_puzzle_sub_113_2026-08-17.json,🧩Oil,qwen/qwen3.5-122b,blind_solve,False,True,True,folder,python-v1,,False,True,False,False,False,25,20,80.0,100.0,75.0,20,100.0,20,0,0,0,1,1,0,1,,,,,,True,,702,105,0
sub_113|qwen/qwen3.5-122b|nothink|narr|sizes|reconstruct,2026-08-17T10:40:52.213622,python-sweep,sub_113,narc_puzzle_sub_113_2026-08-17.json,🧩Oil,qwen/qwen3.5-122b,reconstruct,False,True,True,folder,python-v1,,False,True,False,False,,75,75,100.0,100.0,100.0,65,100.0,65,0,0,0,3,3,3,3,True,True,,,,,,1581,586,0
sub_113|qwen/qwen3.5-122b|nothink|narr|sizes|recon_solve,2026-08-17T10:40:56.802534,python-sweep,sub_113,narc_puzzle_sub_113_2026-08-17.json,🧩Oil,qwen/qwen3.5-122b,recon_solve,False,True,True,folder,python-v1,,False,True,False,False,False,25,9,36.0,80.0,26.67,15,75.0,20,0,5,0,1,1,0,1,,,,,,True,,605,105,0
